Nickname,Id,Position,First Name,Last Name,FPPG,Played,Salary,Game,Team,Opponent,Injury Indicator,Injury Details,Tier,Unnamed: 14,Unnamed: 15,5GameAvg,MPG,PER,USG,DP,UQR
Joel Embiid,33785-49111,C,Joel,Embiid,53.175,60,12100,PHI@ATL,PHI,ATL,,,,,,51.68000000000001,35.6,25.5,33.2,0.9216942282814395,57.55
Karl-Anthony Towns,33785-58462,C,Karl-Anthony,Towns,48.691427176339296,70,11300,MIN@MEM,MIN,MEM,,,,,,56.42,33.8,25.6,27.4,0.02219994821581849,65.05
Andre Drummond,33785-15557,C,Andre,Drummond,45.5308837890625,68,11000,DET@POR,DET,POR,,,,,,49.02,34.2,22.7,23.6,0.05714310375826896,59.75
Damian Lillard,33785-20848,PG,Damian,Lillard,43.82957608934859,71,10800,DET@POR,POR,DET,,,,,,46.9,38.4,23.7,29.7,0.10850999209079994,48.4
Bradley Beal,33785-15595,SG,Bradley,Beal,44.3270263671875,74,10100,MIA@WAS,WAS,MIA,,,,,,49.739999999999995,38.4,20.4,28.3,0.1745392665347342,51.4
Stephen Curry,33785-9524,PG,Stephen,Curry,44.139344262295076,61,9900,DAL@GS,GSW,DAL,,Rest,,,,36.92,34.0,25.8,30.3,0.9733309656730407,45.3
Luka Doncic,33785-84669,SG,Luka,Doncic,39.45294189453125,68,9600,DAL@GS,DAL,GSW,,,,,,43.76,30.4,19.2,29.1,0.75647983808866,39.85
Kevin Durant,33785-9646,SF,Kevin,Durant,46.18261011096015,69,9600,DAL@GS,GSW,DAL,,,,,,38.720000000000006,35.2,25.0,30.1,0.8701135033955351,44.3
Ben Simmons,33785-66115,PG,Ben,Simmons,42.27260140196917,73,9500,PHI@ATL,PHI,ATL,,,,,,50.54,37.8,20.3,22.4,0.9879742984687923,48.6
Mike Conley,33785-9575,PG,Mike,Conley,37.8761186742071,67,9400,MIN@MEM,MEM,MIN,,,,,,40.559999999999995,31.2,20.4,27.1,0.8627404920057156,48.35
Devin Booker,33785-58460,SG,Devin,Booker,39.80344995959052,58,9300,PHO@SAC,PHO,SAC,,,,,,40.86,35.2,18.6,31.7,0.9537718798989038,38.95
Rudy Gobert,33785-40203,C,Rudy,Gobert,41.394443088107636,72,9200,UTA@CHI,UTA,CHI,,,,,,37.440000000000005,29.8,24.4,17.5,0.9033642668470633,46.85
Donovan Mitchell,33785-66113,SG,Donovan,Mitchell,37.55797101449275,69,9100,UTA@CHI,UTA,CHI,,,,,,43.36,35.8,16.1,31.5,0.6156049283285292,49.05
De'Aaron Fox,33785-80810,PG,De'Aaron,Fox,36.59718172315141,71,8900,PHO@SAC,SAC,PHO,,,,,,34.6,33.0,17.9,24.5,0.012963993429158431,35.0
DeMarcus Cousins,33785-12362,C,DeMarcus,Cousins,36.96363691850142,22,8800,DAL@GS,GSW,DAL,,,,,,42.3,28.6,19.2,27.9,0.43393614875004705,51.7
Jusuf Nurkic,33785-55057,C,Jusuf,Nurkic,37.424285016741074,70,8600,DET@POR,POR,DET,,,,,,40.8,27.8,23.3,24.5,0.009987218030808332,43.15
Jimmy Butler,33785-14528,SG,Jimmy,Butler,37.6966118246822,59,8400,PHI@ATL,PHI,ATL,,,,,,37.94,35.0,21.3,22.2,0.978908720343149,38.3
Blake Griffin,33785-9560,PF,Blake,Griffin,41.35507246376812,69,8300,DET@POR,DET,POR,,,,,,34.099999999999994,33.0,21.5,30.4,0.16311259895240496,33.65
Klay Thompson,33785-14509,SG,Klay,Thompson,34.97826086956522,69,8200,DAL@GS,GSW,DAL,,,,,,40.76,36.4,16.7,25.7,0.9654265675929291,48.65
Deandre Ayton,33785-84673,C,Deandre,Ayton,35.120587517233446,68,8000,PHO@SAC,PHO,SAC,,,,,,35.44,29.0,20.9,21.1,0.07518358118822295,44.9
John Collins,33785-66236,PF,John,Collins,34.37454501065341,55,7900,PHI@ATL,ATL,PHI,,,,,,35.1,30.8,21.3,23.4,0.16375140950950012,36.65
Lauri Markkanen,33785-80812,PF,Lauri,Markkanen,34.237254423253674,51,7900,UTA@CHI,CHI,UTA,,,,,,35.919999999999995,35.8,17.8,24.8,0.5191181697789612,38.55
Jonas Valanciunas,33785-14503,C,Jonas,Valanciunas,28.77727161754261,44,7800,MIN@MEM,MEM,MIN,,,,,,33.06,26.4,25.1,26.5,0.8831485778909697,38.0
Trae Young,33785-84671,PG,Trae,Young,33.924323004645274,74,7700,PHI@ATL,ATL,PHI,,,,,,44.779999999999994,35.4,14.8,27.5,0.20541192862718172,55.1
Tobias Harris,33785-14518,PF,Tobias,Harris,35.76849448844178,73,7600,PHI@ATL,PHI,ATL,,,,,,35.56,37.0,18.5,23.3,0.9270499974625365,46.75
Buddy Hield,33785-23665,SG,Buddy,Hield,32.06056406800176,71,7400,PHO@SAC,SAC,PHO,,,,,,42.260000000000005,35.0,17.7,24.8,0.0340865034518847,50.95
Draymond Green,33785-15860,PF,Draymond,Green,31.40714372907366,56,7300,DAL@GS,GSW,DAL,,,,,,24.86,30.8,12.8,13.2,0.6800781172046994,25.25
Tomas Satoransky,33785-23097,PG,Tomas,Satoransky,22.359154929577464,71,7100,MIA@WAS,WAS,MIA,,,,,,30.479999999999997,34.8,14.2,14.0,0.14400803170345083,32.3
Marvin Bagley,33785-84679,PF,Marvin,Bagley,27.80565945607311,53,7000,PHO@SAC,SAC,PHO,,,,,,35.50000000000001,29.4,17.9,23.1,0.8050710234474617,46.7
Dwight Powell,33785-16196,PF,Dwight,Powell,20.819116928998167,68,7000,DAL@GS,DAL,GSW,,,,,,33.279999999999994,33.6,19.4,18.4,0.9595981954440151,33.7
Jabari Parker,33785-42550,SF,Jabari,Parker,26.99482674434267,58,6800,MIA@WAS,WAS,MIA,,,,,,30.26,24.2,14.2,24.5,0.10268166989249719,35.05
Derrick Favors,33785-12351,PF,Derrick,Favors,27.83098591549296,71,6800,UTA@CHI,UTA,CHI,,,,,,35.620000000000005,25.8,20.6,18.8,0.8366464915416565,39.25
Ricky Rubio,33785-14496,PG,Ricky,Rubio,28.20806490990423,62,6700,UTA@CHI,UTA,CHI,,,,,,28.74,26.2,13.4,22.8,0.6204247816496155,29.1
Andrew Wiggins,33785-49116,SG,Andrew,Wiggins,30.119047619047624,63,6600,MIN@MEM,MIN,MEM,,,,,,28.18,34.8,12.2,24.5,0.2962412394749948,31.85
Bam Adebayo,33785-80817,PF,Bam,Adebayo,23.305555555555557,72,6400,MIA@WAS,MIA,WAS,,,,,,28.880000000000003,25.2,16.5,15.1,0.8156903555621056,29.9
Josh Richardson,33785-16233,SF,Josh,Richardson,30.20428641183036,70,6300,MIA@WAS,MIA,WAS,,,,,,31.18,35.6,14.4,22.0,0.8996298580147305,33.3
J.J. Redick,33785-9655,SF,J.J.,Redick,25.448529411764714,68,6300,PHI@ATL,PHI,ATL,,,,,,19.52,30.2,15.3,22.2,0.9909173606671299,20.8
Robin Lopez,33785-9873,C,Robin,Lopez,17.86461463341346,65,6200,UTA@CHI,CHI,UTA,,,,,,31.5,33.8,14.4,18.5,0.9735485739271846,36.45
Joe Ingles,33785-59318,SF,Joe,Ingles,27.00138854980469,72,6200,UTA@CHI,UTA,CHI,,,,,,33.0,34.6,12.6,17.2,0.32255484096434267,32.1
Willie Cauley-Stein,33785-23823,C,Willie,Cauley-Stein,30.840844382702464,71,6100,PHO@SAC,SAC,PHO,,,,,,27.640000000000004,25.2,17.8,18.5,0.9432765211371079,35.15
Jalen Brunson,33785-84690,PG,Jalen,Brunson,16.524999618530273,64,6000,DAL@GS,DAL,GSW,,,,,,25.22,29.2,10.9,18.5,0.4436876585033643,29.65
Dewayne Dedmon,33785-16301,C,Dewayne,Dedmon,27.12458976370389,61,5900,PHI@ATL,ATL,PHI,,,,,,34.279999999999994,27.6,15.6,17.0,0.08879076339310422,32.9
Goran Dragic,33785-9673,PG,Goran,Dragic,24.815385084885822,26,5900,MIA@WAS,MIA,WAS,,,,,,19.259999999999998,19.2,12.4,25.5,0.8676371288257312,29.85
Harrison Barnes,33785-15946,SF,Harrison,Barnes,26.218182188091856,66,5800,PHO@SAC,SAC,PHO,,,,,,31.759999999999998,37.0,12.7,22.9,0.24768972583153015,35.8
Bobby Portis,33785-42156,PF,Bobby,Portis,27.229268888147868,41,5700,MIA@WAS,WAS,MIA,,,,,,29.679999999999996,25.4,17.3,26.0,0.016160640219438013,39.4
Delon Wright,33785-40830,SG,Delon,Wright,18.520000751201927,65,5600,MIN@MEM,MEM,MIN,,,,,,27.479999999999997,27.6,14.2,16.9,0.8842912792861917,36.85
Jae Crowder,33785-15800,SF,Jae,Crowder,22.78732428752201,71,5500,UTA@CHI,UTA,CHI,,,,,,25.4,29.4,12.1,19.2,0.32255484096434267,30.2
Hassan Whiteside,33785-12363,C,Hassan,Whiteside,34.32539682539682,63,5400,MIA@WAS,MIA,WAS,,,,,,36.059999999999995,22.8,22.1,22.2,0.9264354911522384,48.0
Tyus Jones,33785-58081,PG,Tyus,Jones,18.132757778825432,58,5400,MIN@MEM,MIN,MEM,,,,,,15.280000000000001,21.4,12.7,13.5,0.274638811751623,16.1
Dwyane Wade,33785-9585,SG,Dwyane,Wade,26.23809523809524,63,5400,MIA@WAS,MIA,WAS,,,,,,25.1,25.4,15.4,26.9,0.7411806524335207,25.65
Kelly Olynyk,33785-22541,PF,Kelly,Olynyk,20.34492824388587,69,5300,MIA@WAS,MIA,WAS,,,,,,33.82,31.6,14.3,18.9,0.8156903555621056,44.2
Maurice Harkless,33785-16178,SF,Maurice,Harkless,19.01800048828125,50,5300,DET@POR,POR,DET,,,,,,28.240000000000002,27.4,11.3,13.1,0.07187651678289322,35.95
Nemanja Bjelica,33785-12368,SF,Nemanja,Bjelica,23.08059737931437,67,5200,PHO@SAC,SAC,PHO,,,,,,17.96,19.0,15.7,16.9,0.24768972583153015,20.5
Reggie Jackson,33785-14523,PG,Reggie,Jackson,25.421127104423412,71,5200,DET@POR,DET,POR,,,,,,24.619999999999997,24.6,14.7,23.0,0.5808015906524132,27.6
Mikal Bridges,33785-84670,SF,Mikal,Bridges,20.416438690603595,73,5100,PHO@SAC,PHO,SAC,,,,,,23.639999999999997,28.0,10.9,12.5,0.5817103865982473,24.65
James Johnson,33785-9966,PF,James,Johnson,17.586667209201387,45,5000,MIA@WAS,MIA,WAS,,,,,,18.04,19.8,10.9,18.2,0.8156903555621056,21.55
Thomas Bryant,33785-67312,C,Thomas,Bryant,21.49206349206349,63,5000,MIA@WAS,WAS,MIA,,,,,,21.18,17.0,21.6,17.3,0.003629479569163137,21.05
Maxi Kleber,33785-81621,PF,Maxi,Kleber,17.76825435577877,63,4900,DAL@GS,DAL,GSW,,,,,,14.939999999999998,20.6,12.9,14.0,0.9595981954440151,19.7
Ish Smith,33785-12511,PG,Ish,Smith,18.337778049045134,45,4900,DET@POR,DET,POR,,,,,,25.14,22.0,10.2,19.3,0.5808015906524132,24.95
Al-Farouq Aminu,33785-12342,PF,Al-Farouq,Aminu,23.011268293353872,71,4800,DET@POR,POR,DET,,,,,,20.48,28.6,13.6,13.0,0.027843275282867626,22.2
Josh Okogie,33785-84689,SG,Josh,Okogie,16.58923152043269,65,4800,MIN@MEM,MIN,MEM,,,,,,16.04,24.4,8.4,16.8,0.2962412394749948,16.3
Taurean Prince,33785-23572,SF,Taurean,Prince,22.989795918367342,49,4700,PHI@ATL,ATL,PHI,,,,,,-1000.0,-1000.0,-1000.0,-1000.0,0.6525809624452856,
Wayne Ellington,33785-9956,SG,Wayne,Ellington,16.1547619047619,42,4700,DET@POR,DET,POR,,,,,,18.419999999999998,24.8,9.7,16.1,0.6108844932212483,23.85
Rodney Hood,33785-15904,SF,Rodney,Hood,18.603226200226814,62,4600,DET@POR,POR,DET,,,,,,14.080000000000002,22.8,12.9,18.6,0.07187651678289322,16.65
Enes Kanter,33785-14516,C,Enes,Kanter,28.073683353892545,57,4600,DET@POR,POR,DET,,,,,,17.7,17.6,22.3,23.0,0.009987218030808332,21.1
Chandler Parsons,33785-14537,SF,Chandler,Parsons,13.581250190734865,16,4500,MIN@MEM,MEM,MIN,,,,,,8.76,15.4,2.3,19.6,0.9532243274403575,9.9
Bogdan Bogdanovic,33785-55060,SG,Bogdan,Bogdanovic,26.29000040690104,60,4500,PHO@SAC,SAC,PHO,,,,,,30.0,34.0,14.7,23.2,0.0340865034518847,23.7
Shaquille Harrison,33785-82744,PG,Shaquille,Harrison,15.354687690734865,64,4500,UTA@CHI,CHI,UTA,,,,,,14.580000000000002,15.6,11.4,16.1,0.07936100044154663,17.8
Richaun Holmes,33785-23447,PF,Richaun,Holmes,19.276923076923076,65,4400,PHO@SAC,PHO,SAC,,,,,,19.880000000000003,17.8,21.4,17.5,0.12206972962474516,23.4
Jeff Green,33785-9648,SF,Jeff,Green,21.756337340448948,71,4400,MIA@WAS,WAS,MIA,,,,,,20.640000000000004,27.6,13.8,17.7,0.10268166989249719,25.25
Andre Iguodala,33785-9664,SG,Andre,Iguodala,19.619355232484878,62,4300,DAL@GS,GSW,DAL,,,,,,18.18,21.2,13.5,10.6,0.9654265675929291,22.9
Alex Len,33785-15814,C,Alex,Len,20.795652527740035,69,4300,PHI@ATL,ATL,PHI,,,,,,25.74,23.6,16.0,22.1,0.08879076339310422,45.25
Dorian Finney-Smith,33785-16376,SF,Dorian,Finney-Smith,18.087500678168407,72,4300,DAL@GS,DAL,GSW,,,,,,15.02,20.6,11.5,13.6,0.8804033113420193,15.2
Thon Maker,33785-70820,C,Thon,Maker,12.192453060510026,53,4200,DET@POR,DET,POR,,,,,,14.219999999999999,16.6,12.4,16.6,0.05714310375826896,16.3
Kevin Huerter,33785-84704,SG,Kevin,Huerter,19.571642519822763,67,4200,PHI@ATL,ATL,PHI,,,,,,19.94,26.8,9.8,15.2,0.2728678141905293,20.4
Luke Kennard,33785-66046,SG,Luke,Kennard,16.50943396226415,53,4200,DET@POR,DET,POR,,,,,,25.619999999999997,28.8,10.9,17.9,0.6108844932212483,28.35
Dario Saric,33785-55056,PF,Dario,Saric,20.02535280039613,71,4100,MIN@MEM,MIN,MEM,,,,,,19.140000000000004,23.8,12.7,17.3,0.06058197967849641,20.5
Dion Waiters,33785-16220,SG,Dion,Waiters,19.102941176470583,34,4100,MIA@WAS,MIA,WAS,,,,,,19.56,25.0,11.3,21.3,0.7411806524335207,24.35
Vince Carter,33785-9654,SF,Vince,Carter,14.211765064912687,68,4100,PHI@ATL,ATL,PHI,,,,,,22.16,27.0,11.9,16.6,0.6525809624452856,27.65
DeAndre' Bembry,33785-49336,SF,DeAndre',Bembry,20.27397260273973,73,4000,PHI@ATL,ATL,PHI,,,,,,25.919999999999998,27.0,9.5,16.6,0.6525809624452856,24.9
Seth Curry,33785-15583,PG,Seth,Curry,11.064615572415867,65,4000,DET@POR,POR,DET,,,,,,9.239999999999998,15.6,9.6,14.9,0.10850999209079994,12.2
Bruno Caboclo,33785-55058,SF,Bruno,Caboclo,14.87916692097982,24,4000,MIN@MEM,MEM,MIN,,,,,,-1000.0,2.2,10.5,15.7,0.9532243274403575,
Justin Jackson,33785-58134,SF,Justin,Jackson,12.559155101507482,71,4000,DAL@GS,DAL,GSW,,,,,,10.2,15.4,10.0,13.3,0.8804033113420193,9.65
Dragan Bender,33785-70819,PF,Dragan,Bender,9.824324324324325,37,3900,PHO@SAC,PHO,SAC,,,,,,9.74,15.8,7.8,15.5,0.12206972962474516,12.1
Justin Holiday,33785-16604,SG,Justin,Holiday,21.641665988498264,72,3900,MIN@MEM,MEM,MIN,,,,,,13.280000000000001,22.4,9.6,15.7,0.8842912792861917,19.1
Kent Bazemore,33785-19781,SG,Kent,Bazemore,24.71016990532309,59,3900,PHI@ATL,ATL,PHI,,,,,,21.080000000000002,25.0,14.1,22.4,0.2728678141905293,25.7
Boban Marjanovic,33785-63826,C,Boban,Marjanovic,14.800000508626304,48,3900,PHI@ATL,PHI,ATL,,,,,,23.939999999999998,17.8,24.0,23.7,0.9216942282814395,33.9
Kyle Korver,33785-9870,SG,Kyle,Korver,13.86060587565104,66,3800,UTA@CHI,UTA,CHI,,,,,,24.1,28.0,11.9,18.4,0.6156049283285292,26.05
Jonah Bolden,33785-58574,PF,Jonah,Bolden,12.467567237647804,37,3800,PHI@ATL,PHI,ATL,,,,,,23.02,19.4,11.0,13.6,0.9270499974625365,23.3
James Ennis,33785-17491,SF,James,Ennis,14.164815266927086,54,3700,PHI@ATL,PHI,ATL,,,,,,9.08,12.2,10.7,11.9,0.9909173606671299,13.4
Ryan Arcidiacono,33785-23740,PG,Ryan,Arcidiacono,16.17361111111111,72,3700,UTA@CHI,CHI,UTA,,,,,,17.2,24.8,10.4,10.2,0.07936100044154663,17.45
Jonas Jerebko,33785-9962,PF,Jonas,Jerebko,14.517459929935514,63,3700,DAL@GS,GSW,DAL,,,,,,8.34,11.4,13.6,14.8,0.6800781172046994,11.8
Derrick Jones,33785-66968,SF,Derrick,Jones,16.896153376652645,52,3700,MIA@WAS,MIA,WAS,,,,,,16.22,16.6,16.2,16.3,0.8996298580147305,23.75
Royce O'Neale,33785-18338,SF,Royce,O'Neale,13.72777811686198,72,3700,UTA@CHI,UTA,CHI,,,,,,13.940000000000001,25.2,10.0,11.6,0.32255484096434267,15.7
Ivan Rabb,33785-67025,PF,Ivan,Rabb,12.271795028295275,39,3700,MIN@MEM,MEM,MIN,,,,,,15.459999999999999,18.6,19.5,18.6,0.8962848670194341,17.6
Wayne Selden,33785-49115,SG,Wayne,Selden,11.940908720999053,66,3700,UTA@CHI,CHI,UTA,,,,,,15.959999999999999,23.0,8.3,17.8,0.018682861759744582,18.05
Tyler Dorsey,33785-67556,SG,Tyler,Dorsey,8.226315950092516,38,3700,MIN@MEM,MEM,MIN,,,,,,5.220000000000001,6.8,9.2,18.4,0.8842912792861917,7.4
Alfonzo McKinnie,33785-18435,SF,Alfonzo,McKinnie,10.519672331262807,61,3600,DAL@GS,GSW,DAL,,,,,,8.1,11.2,11.0,14.4,0.8701135033955351,13.85
Salah Mejri,33785-64017,C,Salah,Mejri,8.675862279431572,29,3600,DAL@GS,DAL,GSW,,,,,,9.559999999999999,11.2,14.1,12.8,0.9440138779340027,11.5
C.J. Williams,33785-15975,SG,C.J.,Williams,4.458333333333333,12,3600,MIN@MEM,MIN,MEM,,,,,,3.6199999999999997,4.4,2.1,13.1,0.2962412394749948,4.45
Amir Johnson,33785-9862,PF,Amir,Johnson,9.961363358931107,44,3600,PHI@ATL,PHI,ATL,,,,,,14.0,13.4,13.4,17.8,0.9270499974625365,22.1
Kevon Looney,33785-58576,C,Kevon,Looney,18.31739165817482,69,3600,DAL@GS,GSW,DAL,,,,,,9.1,10.0,16.7,12.2,0.43393614875004705,12.05
Keita Bates-Diop,33785-84688,SF,Keita,Bates-Diop,10.53499984741211,20,3600,MIN@MEM,MIN,MEM,,,,,,8.16,13.4,9.5,13.9,0.08921173087682555,7.4
Bruce Brown,33785-84694,SG,Bruce,Brown,11.706349206349206,63,3600,DET@POR,DET,POR,,,,,,11.66,20.6,6.5,12.7,0.6108844932212483,14.2
De'Anthony Melton,33785-84703,PG,De'Anthony,Melton,16.921428862072172,42,3600,PHO@SAC,PHO,SAC,,,,,,11.580000000000002,11.4,9.7,16.2,0.9932407027012011,13.15
Dirk Nowitzki,33785-9500,PF,Dirk,Nowitzki,10.802381243024554,42,3600,DAL@GS,DAL,GSW,,,,,,15.02,18.2,7.7,20.6,0.9595981954440151,20.75
Mike Scott,33785-16368,PF,Mike,Scott,11.757142857142858,70,3600,PHI@ATL,PHI,ATL,,,,,,19.42,25.6,9.2,14.7,0.9270499974625365,19.85
Cristiano Felicio,33785-63478,C,Cristiano,Felicio,8.48431396484375,51,3600,UTA@CHI,CHI,UTA,,,,,,5.56,8.0,12.8,13.9,0.9735485739271846,5.4
Kosta Koufos,33785-9731,C,Kosta,Koufos,11.896969881924715,33,3500,PHO@SAC,SAC,PHO,,,,,,5.359999999999999,4.6,12.4,14.9,0.9432765211371079,8.4
Brandon Sampson,33785-101412,SG,Brandon,Sampson,3.659999847412109,5,3500,UTA@CHI,CHI,UTA,,,,,,8.2,-1000.0,16.0,11.0,0.018682861759744582,8.2
Ryan Anderson,33785-9772,PF,Ryan,Anderson,6.822727550159801,22,3500,MIA@WAS,MIA,WAS,,,,,,2.2199999999999998,3.6,5.1,12.0,0.8156903555621056,3.0
Ekpe Udoh,33785-12339,C,Ekpe,Udoh,5.402439024390245,41,3500,UTA@CHI,UTA,CHI,,,,,,5.02,3.2,17.5,12.1,0.9033642668470633,5.65
Wesley Johnson,33785-12348,SF,Wesley,Johnson,8.235135465054901,37,3500,MIA@WAS,WAS,MIA,,,,,,3.7400000000000007,11.0,6.5,11.7,0.10268166989249719,5.4
Skal Labissiere,33785-66109,PF,Skal,Labissiere,4.666666666666667,18,3500,DET@POR,POR,DET,,,,,,3.2,3.2,6.6,15.1,0.027843275282867626,2.0
Antonio Blakeney,33785-66114,SG,Antonio,Blakeney,10.488235772824757,51,3500,UTA@CHI,CHI,UTA,,,,,,6.459999999999999,7.2,11.5,25.3,0.018682861759744582,11.65
Evan Turner,33785-12359,SF,Evan,Turner,18.257142082093253,63,3500,DET@POR,POR,DET,,,,,,12.52,13.0,11.3,16.4,0.07187651678289322,18.35
Deyonta Davis,33785-66129,C,Deyonta,Davis,0.0,1,3500,PHI@ATL,ATL,PHI,,,,,,-1000.0,20.0,-1000.0,-1000.0,0.08879076339310422,
Tyler Cavanaugh,33785-23121,PF,Tyler,Cavanaugh,1.225000023841858,8,3500,UTA@CHI,UTA,CHI,,,,,,1.48,2.0,5.5,17.8,0.8366464915416565,2.0
Jerryd Bayless,33785-9810,PG,Jerryd,Bayless,13.540740966796875,27,3500,MIN@MEM,MIN,MEM,,,,,,4.779999999999999,15.6,8.3,17.2,0.274638811751623,5.25
Marcus Derrickson,33785-85586,PF,Marcus,Derrickson,4.344444274902344,9,3500,DAL@GS,GSW,DAL,,,,,,6.739999999999999,6.6,10.3,22.7,0.6800781172046994,9.65
Naz Mitrou-Long,33785-23155,SG,Naz,Mitrou-Long,1.0399999618530271,10,3500,UTA@CHI,UTA,CHI,,,,,,1.3800000000000001,3.6,-2.9,12.1,0.6156049283285292,1.25
Georges Niang,33785-23156,PF,Georges,Niang,5.7571429817044,49,3500,UTA@CHI,UTA,CHI,,,,,,6.1,5.2,11.9,16.8,0.8366464915416565,9.6
Jawun Evans,33785-66174,PG,Jawun,Evans,5.485714503696988,7,3500,PHO@SAC,PHO,SAC,,,,,,4.42,6.4,0.8,12.8,0.9932407027012011,4.65
Caleb Swanigan,33785-66185,PF,Caleb,Swanigan,5.772222306993272,18,3500,PHO@SAC,SAC,PHO,,,,,,3.7,4.6,3.2,18.4,0.8050710234474617,3.2
Haywood Highsmith,33785-102025,SF,Haywood,Highsmith,3.5999999046325684,2,3500,PHI@ATL,PHI,ATL,,,,,,3.6,-1000.0,17.3,9.4,0.9909173606671299,3.8
Duncan Robinson,33785-85137,SG,Duncan,Robinson,4.063636432994496,11,3500,MIA@WAS,MIA,WAS,,,,,,5.3,9.0,7.6,9.5,0.7411806524335207,7.2
Timothe Luwawu-Cabarrot,33785-70825,SG,Timothe,Luwawu-Cabarrot,6.629267994950457,41,3500,UTA@CHI,CHI,UTA,,,,,,7.8,12.2,4.2,17.6,0.018682861759744582,10.65
Alec Burks,33785-14510,SG,Alec,Burks,18.37419276083669,62,3500,PHO@SAC,SAC,PHO,,,,,,5.140000000000001,8.6,12.9,19.5,0.0340865034518847,5.2
Troy Brown,33785-84668,SF,Troy,Brown,9.425581111464387,43,3500,MIA@WAS,WAS,MIA,,,,,,17.979999999999997,15.4,11.0,16.7,0.10268166989249719,19.0
Anthony Tolliver,33785-9920,PF,Anthony,Tolliver,9.97454501065341,55,3500,MIN@MEM,MIN,MEM,,,,,,12.040000000000001,17.2,9.5,11.7,0.06058197967849641,13.2
Justin Anderson,33785-23744,SG,Justin,Anderson,5.861538618038861,39,3500,PHI@ATL,ATL,PHI,,,,,,2.1399999999999997,5.6,9.0,17.9,0.2728678141905293,3.2
Zhaire Smith,33785-84672,SG,Zhaire,Smith,0.0,0,3500,PHI@ATL,PHI,ATL,,,,,,-1000.0,-1000.0,-1000.0,-1000.0,0.978908720343149,
Jon Leuer,33785-14539,PF,Jon,Leuer,8.633332994249132,36,3500,DET@POR,DET,POR,,,,,,5.799999999999999,6.2,14.0,16.3,0.16311259895240496,4.45
George King,33785-84687,SF,George,King,1.2000000476837158,1,3500,PHO@SAC,PHO,SAC,,,,,,1.2,-1000.0,1.9,0.0,0.5817103865982473,1.2
Elie Okobo,33785-84686,PG,Elie,Okobo,12.152273004705256,44,3500,PHO@SAC,PHO,SAC,,,,,,6.659999999999999,11.4,7.0,17.1,0.9932407027012011,11.35
Shake Milton,33785-84691,SG,Shake,Milton,8.884615384615385,13,3500,PHI@ATL,PHI,ATL,,,,,,12.459999999999999,15.8,14.9,17.1,0.978908720343149,14.4
Gary Trent,33785-84695,SG,Gary,Trent,2.3363637057217685,11,3500,DET@POR,POR,DET,,,,,,1.5,2.6,0.7,24.2,0.13093855268365373,0.0
Jacob Evans,33785-84697,SG,Jacob,Evans,2.1884615971491885,26,3500,DAL@GS,GSW,DAL,,,,,,3.8,5.8,-1.3,13.5,0.9654265675929291,2.7
Jevon Carter,33785-84696,PG,Jevon,Carter,9.837930613550649,29,3500,MIN@MEM,MEM,MIN,,,,,,11.820000000000002,10.8,3.4,16.0,0.8627404920057156,16.55
Yogi Ferrell,33785-23772,PG,Yogi,Ferrell,11.533333333333333,60,3500,PHO@SAC,SAC,PHO,,,,,,7.9,11.8,13.8,16.0,0.012963993429158431,8.95
Quinn Cook,33785-15582,PG,Quinn,Cook,11.0984128921751,63,3500,DAL@GS,GSW,DAL,,,,,,8.059999999999999,9.6,12.6,20.5,0.9733309656730407,11.65
Ian Mahinmi,33785-9953,C,Ian,Mahinmi,12.181249618530273,32,3500,MIA@WAS,WAS,MIA,,,,,,10.020000000000001,15.0,12.5,12.4,0.003629479569163137,11.6
Jake Layman,33785-23780,SF,Jake,Layman,14.633333333333333,60,3500,DET@POR,POR,DET,,,,,,12.8,17.4,15.5,16.1,0.07187651678289322,15.2
Grayson Allen,33785-84711,SG,Grayson,Allen,5.287499904632568,32,3500,UTA@CHI,UTA,CHI,,,,,,2.68,4.2,4.6,21.9,0.6156049283285292,3.45
Jamal Crawford,33785-9448,SG,Jamal,Crawford,13.05689634125808,58,3500,PHO@SAC,PHO,SAC,,,,,,18.160000000000004,15.4,9.4,19.9,0.9537718798989038,23.3
Svi Mykhailiuk,33785-84713,SG,Svi,Mykhailiuk,6.088095165434338,42,3500,DET@POR,DET,POR,,,,,,3.9200000000000004,8.4,-1000.0,-1000.0,0.6108844932212483,6.0
Anfernee Simons,33785-84717,SG,Anfernee,Simons,2.0285714013235907,14,3500,DET@POR,POR,DET,,,,,,0.2,2.0,-6.0,23.8,0.13093855268365373,0.0
Zaza Pachulia,33785-9454,C,Zaza,Pachulia,12.777585785964439,58,3500,DET@POR,DET,POR,,,,,,6.24,10.0,15.2,14.7,0.05714310375826896,10.25
Sam Dekker,33785-23282,SF,Sam,Dekker,13.657142275855653,42,3500,MIA@WAS,WAS,MIA,,,,,,11.639999999999999,12.8,14.8,16.4,0.10268166989249719,17.5
Khyri Thomas,33785-84723,SG,Khyri,Thomas,5.608695652173912,23,3500,DET@POR,DET,POR,,,,,,3.6199999999999997,7.2,7.8,14.9,0.6108844932212483,5.45
Kostas Antetokounmpo,33785-84725,PF,Kostas,Antetokounmpo,7.199999809265138,1,3500,DAL@GS,DAL,GSW,,,,,,-1000.0,-1000.0,-1000.0,-1000.0,0.9595981954440151,
Ray Spalding,33785-84726,PF,Ray,Spalding,6.320000076293947,5,3500,PHO@SAC,PHO,SAC,,,,,,0.0,-1000.0,0.0,0.0,0.12206972962474516,0.0
Yuta Watanabe,33785-85238,SF,Yuta,Watanabe,6.279999923706055,10,3500,MIN@MEM,MEM,MIN,,,,,,9.32,14.4,7.1,16.8,0.9532243274403575,10.1
Glenn Robinson,33785-23800,SF,Glenn,Robinson,7.2547621954055055,42,3500,DET@POR,DET,POR,,,,,,6.82,7.4,6.8,14.7,0.31260783938028364,11.8
Rawle Alkins,33785-85242,SG,Rawle,Alkins,4.200000127156575,3,3500,UTA@CHI,CHI,UTA,,,,,,2.7,-1000.0,37.9,29.3,0.018682861759744582,4.050000000000001
Charles Cooke,33785-23300,SG,Charles,Cooke,0.9153845860407904,13,3500,MIA@WAS,MIA,WAS,,,,,,-1000.0,0.8,-1000.0,-1000.0,0.7411806524335207,
Raul Neto,33785-40208,PG,Raul,Neto,11.532258064516132,31,3500,UTA@CHI,UTA,CHI,,,,,,13.040000000000001,11.6,13.6,17.8,0.6204247816496155,13.8
Kalin Lucas,33785-16658,PG,Kalin,Lucas,7.0999999046325675,1,3500,DET@POR,DET,POR,,,,,,7.1,-1000.0,16.6,13.4,0.5808015906524132,6.85
Julian Washburn,33785-20764,SF,Julian,Washburn,6.612500190734862,8,3500,MIN@MEM,MEM,MIN,,,,,,9.26,20.6,1.6,9.8,0.9532243274403575,12.2
Meyers Leonard,33785-15669,PF,Meyers,Leonard,12.55818204012784,55,3500,DET@POR,POR,DET,,,,,,3.9,8.6,16.2,15.1,0.027843275282867626,5.0
Daryl Macon,33785-85309,PG,Daryl,Macon,1.5,4,3500,DAL@GS,DAL,GSW,,,,,,2.0,-1000.0,19.6,16.0,0.4436876585033643,2.0
Jordan Bell,33785-40769,C,Jordan,Bell,10.638983257746293,59,3500,DAL@GS,GSW,DAL,,,,,,14.220000000000002,15.2,13.9,12.4,0.43393614875004705,14.85
Chasson Randle,33785-16197,SG,Chasson,Randle,10.2875,40,3500,MIA@WAS,WAS,MIA,,,,,,7.9,12.0,10.3,17.2,0.1745392665347342,7.75
Troy Daniels,33785-20805,SG,Troy,Daniels,9.166666666666666,42,3500,PHO@SAC,PHO,SAC,,,,,,13.319999999999999,11.8,9.6,18.8,0.9537718798989038,20.7
Jaylen Adams,33785-84808,SG,Jaylen,Adams,7.544000244140625,25,3500,PHI@ATL,ATL,PHI,,,,,,12.139999999999999,15.0,8.2,11.4,0.2728678141905293,16.2
Langston Galloway,33785-17230,SG,Langston,Galloway,13.878260515738225,69,3500,DET@POR,DET,POR,,,,,,13.34,20.4,9.9,16.0,0.6108844932212483,16.5
Jared Terrell,33785-84830,SG,Jared,Terrell,4.029999923706055,10,3500,MIN@MEM,MIN,MEM,,,,,,4.74,8.0,1.9,21.2,0.2962412394749948,7.5
Ryan Broekhoff,33785-84833,PF,Ryan,Broekhoff,5.3090908166133985,33,3500,DAL@GS,DAL,GSW,,,,,,4.44,10.0,11.3,13.6,0.9595981954440151,5.6
Jordan McRae,33785-16230,SG,Jordan,McRae,8.11999969482422,20,3500,MIA@WAS,WAS,MIA,,,,,,6.859999999999999,11.2,13.6,19.9,0.1745392665347342,10.0
Udonis Haslem,33785-9589,PF,Udonis,Haslem,2.299999952316284,8,3500,MIA@WAS,MIA,WAS,,,,,,2.08,4.0,-3.5,22.8,0.8156903555621056,2.4
Justin Patton,33785-66424,C,Justin,Patton,7.5666669209798165,3,3500,PHI@ATL,PHI,ATL,,,,,,-1000.0,0.0,-1000.0,-1000.0,0.9216942282814395,
Jonathon Simmons,33785-18821,SF,Jonathon,Simmons,13.192307692307693,52,3500,PHI@ATL,PHI,ATL,,,,,,10.86,15.2,7.7,19.0,0.9909173606671299,13.95
Corey Brewer,33785-9606,SF,Corey,Brewer,12.810000610351562,20,3500,PHO@SAC,SAC,PHO,,,,,,11.120000000000001,15.0,11.5,19.1,0.24768972583153015,14.65
Isaiah Whitehead,33785-58247,PG,Isaiah,Whitehead,10.449999809265137,16,3500,DET@POR,DET,POR,,,,,,-1000.0,0.0,-1000.0,-1000.0,0.5808015906524132,
Devin Harris,33785-9613,PG,Devin,Harris,11.994915461136124,59,3500,DAL@GS,DAL,GSW,,,,,,9.08,14.6,11.6,18.4,0.4436876585033643,12.3
Courtney Lee,33785-9615,SG,Courtney,Lee,8.276922959547777,26,3500,DAL@GS,DAL,GSW,,,,,,7.619999999999999,15.8,11.9,14.3,0.75647983808866,8.2
Cameron Reynolds,33785-101266,SG,Cameron,Reynolds,7.277777777777778,9,3500,MIN@MEM,MIN,MEM,,,,,,-1000.0,-1000.0,-1000.0,-1000.0,0.2962412394749948,
Gorgui Dieng,33785-15771,C,Gorgui,Dieng,14.036364006273676,66,3500,MIN@MEM,MIN,MEM,,,,,,10.559999999999999,5.8,16.8,17.3,0.02219994821581849,17.0
Zach Collins,33785-80815,PF,Zach,Collins,15.29090927586411,66,3500,DET@POR,POR,DET,,,,,,8.420000000000002,12.2,13.6,16.3,0.027843275282867626,9.85
Thabo Sefolosha,33785-9647,SF,Thabo,Sefolosha,8.77249984741211,40,3500,UTA@CHI,UTA,CHI,,,,,,8.18,9.6,11.6,11.8,0.32255484096434267,8.4
Tony Bradley,33785-80823,C,Tony,Bradley,2.5999999046325684,1,3500,UTA@CHI,UTA,CHI,,,,,,2.5999999999999996,-1000.0,-10.4,19.0,0.9033642668470633,2.6
Damion Lee,33785-18376,SG,Damion,Lee,7.234615619365987,26,3500,DAL@GS,GSW,DAL,,,,,,6.24,11.8,11.2,16.9,0.9654265675929291,7.8
BJ Johnson,33785-101327,SF,BJ,Johnson,5.7666664123535165,6,3500,PHI@ATL,ATL,PHI,,,,,,-1000.0,-1000.0,-1000.0,-1000.0,0.6525809624452856,
T.J. McConnell,33785-18393,PG,T.J.,McConnell,17.213635993726324,66,3500,PHI@ATL,PHI,ATL,,,,,,15.459999999999999,19.2,14.5,14.3,0.9879742984687923,18.2
Frank Mason,33785-49114,SG,Frank,Mason,10.502857317243304,35,3500,PHO@SAC,SAC,PHO,,,,,,5.779999999999999,5.4,12.7,20.4,0.0340865034518847,6.75
Yante Maten,33785-85467,PF,Yante,Maten,0.0,0,3500,MIA@WAS,MIA,WAS,,,,,,-1000.0,-1000.0,-1000.0,-1000.0,0.8156903555621056,
Trey Burke,33785-15843,PG,Trey,Burke,17.683333079020183,48,3500,DAL@GS,DAL,GSW,,,,,,11.040000000000001,12.4,16.3,25.5,0.4436876585033643,9.65
Jose Calderon,33785-9712,PG,Jose,Calderon,7.90625,48,3500,DET@POR,DET,POR,,,,,,2.88,4.8,7.1,10.9,0.5808015906524132,2.45
